Command,Datamodel,Mapping,Data type,Name,Description,Operations,Units,Min,Max,Internal
TimeInstant,AirQualityObserved,dateObserved,DateTime,Time Instant,,r,,,,
period,AirQualityObserved,rw_dev_interval,Number,Period,,r,,,,
status,AirQualityObserved,status,Text,Status,,r,,,,
no2-a4,AirQualityObserved,no2,Number,NO2,,r,,,,
ox-a431,AirQualityObserved,o3,Number,OX,,r,,,,
co-a4,AirQualityObserved,co,Number,CO,,r,,,,
so2-a4,AirQualityObserved,so2,Number,SO2,,r,,,,
h2s-a4,AirQualityObserved,h2s,Number,H2S,,r,,,,
no-a4,AirQualityObserved,no,Number,NO,,r,,,,
nh3-a4,AirQualityObserved,nh3,Number,NH3,,r,,,,
cl2-a1,AirQualityObserved,cl2,Number,CL2,,r,,,,
c6h6-a4,AirQualityObserved,c6h6,Number,C6H6,,r,,,,
NO2-A43F,AirQualityObserved,no2,Number,NO2,,r,,,,
OX-A431,AirQualityObserved,o3,Number,OX,,r,,,,
CO-A4,AirQualityObserved,co,Number,CO,,r,,,,
SO2-A4,AirQualityObserved,so2,Number,SO2,,r,,,,
H2S-A4,AirQualityObserved,h2s,Number,H2S,,r,,,,
NO-A4,AirQualityObserved,no,Number,NO,,r,,,,
NH3-A4,AirQualityObserved,nh3,Number,NH3,,r,,,,
CL2-A1,AirQualityObserved,cl2,Number,CL2,,r,,,,
pm1,AirQualityObserved,pm1,Number,PM1,,r,,,,
pm2,AirQualityObserved,pm25,Number,PM25,,r,,,,
pm4,AirQualityObserved,pm4,Number,PM4,,r,,,,
pm10,AirQualityObserved,pm10,Number,PM10,,r,,,,
tsp,AirQualityObserved,tsp,Number,TSP,,r,,,,
tpc,AirQualityObserved,tpc,Number,TPC,,r,,,,
voc,AirQualityObserved,volatileOrganicCompoundsTotal,Number,VOC,,r,,,,
co2,AirQualityObserved,co2,Number,CO2,,r,,,,
o2,AirQualityObserved,o2,Number,O2,,r,,,,
TimeInstant,WeatherObserved,dateObserved,DateTime,Time Instant,,r,,,,
period,WeatherObserved,rw_dev_interval,Number,Period,,r,,,,
status,WeatherObserved,status,Text,Status,,r,,,,
hum3,WeatherObserved,relativeHumidity,Number,Relative Humidity,,r,,,,
temp3,WeatherObserved,temperature,Number,Temperature,,r,,,,
pres1,WeatherObserved,atmosphericPressure,Number,Atmospheric Pressure,,r,,,,
dew_point,WeatherObserved,dewPoint,Number,Dew Point,,r,,,,
wind_chill,WeatherObserved,feelLikesTemperature,Number,Feel Likes Temperature,,r,,,,
rain_rate,WeatherObserved,precipitation,Number,Precipitation Intensity,,r,,,,
rain_15a,WeatherObserved,precipitation15a,Number,Precipitation,,r,,,,
rain_24ha,WeatherObserved,precipitation24a,Number,Daily Precipitation Intensity,,r,,,,
rain_daily,WeatherObserved,precipitationDaily,Number,Daily Precipitation,,r,,,,
wind_dir,WeatherObserved,windDirection,Number,Wind Direction,,r,,,,
wind_dir_compass,WeatherObserved,windDirCompass,Number,wind Direction Compass,,r,,,,
wind_sp,WeatherObserved,windSpeed,Number,Wind Speed,,r,,,,
et_daily,WeatherObserved,etDaily,Number,Daily Evapotranspiration,,r,,,,
solar_rad0,WeatherObserved,solarRadiation,Number,Solar Radiation,,r,,,,
uv_index,WeatherObserved,uVIndexMax,Number,UV,,r,,,,
thsw_index,WeatherObserved,thswIndex,Number,Estimated Temperature,,r,,,,
TimeInstant,CrowdFlowObserved,dateObserved,DateTime,Time Instant,,r,,,,
period,CrowdFlowObserved,rw_cfo_shorti,Number,Period,,r,,,,
status,CrowdFlowObserved,status,Text,Status,,r,,,,
peopleCountShortInterval,CrowdFlowObserved,peopleCountShortInterval,Number,Count Short Interval,,r,,,,
peopleCountMediumInterval,CrowdFlowObserved,peopleCountMediumInterval,Number,Count Medium Interval,,r,,,,
peopleCountLongInterval,CrowdFlowObserved,peopleCountLongInterval,Number,Count Long Interval,,r,,,,
dataCollection,CrowdFlowObserved,dataCollection,Text,Data Collection,,r,,,,
peopleCountCollection,CrowdFlowObserved,peopleCountCollection,Number,People Count Collection,,r,,,,
eventCollection,CrowdFlowObserved,eventCollection,Number,Event Collection,,r,,,,
TimeInstant,NoiseLevelObserved,dateObserved,DateTime,Time Instant,,r,,,,
period,NoiseLevelObserved,rw_dev_interval,Number,Period,,r,,,,
status,NoiseLevelObserved,status,Text,Status,,r,,,,
son_laeq,NoiseLevelObserved,LAeq,Number,LAeq,,r,,,,
son_lamax,NoiseLevelObserved,LAmax,Number,LAmax,,r,,,,
son_lamin,NoiseLevelObserved,LAmin,Number,LAmin,,r,,,,
son_la1,NoiseLevelObserved,LA1,Number,LA1,,r,,,,
son_la10,NoiseLevelObserved,LA10,Number,LA10,,r,,,,
son_la50,NoiseLevelObserved,LA50,Number,LA50,,r,,,,
son_la90,NoiseLevelObserved,LA90,Number,LA90,,r,,,,
son_la99,NoiseLevelObserved,LA99,Number,LA99,,r,,,,
TimeInstant,Device,dateObserved,DateTime,Time Instant,,r,,,,
period,Device,rw_dev_interval,Number,Period,,r,,,,
status,Device,status,Text,Status,,r,,,,
modelName,Device,modelName,Text,Model Name,,r,,,,
serialNumber,Device,serialNumber,Text,Serial Number,,r,,,,
firmwareVersion,Device,firmwareVersion,Text,FirmwareVersion,,r,,,,
cellularEnabled,Device,cellularEnabled,Text,Cellular Enabled,,r,,,,
wifiEnabled,Device,rw_dev_def_wifi_en,Text,Wifi Enabled,,r,,,,
cellularApn,Device,rw_dev_m2m_apn,Text,Cellular Apn,,r,,,,
wifiSsid,Device,rw_dev_wifi_ssid,Text,Wifi SSID,,r,,,,
TimeInstant,DeviceHealthObserved,dateObserved,DateTime,Time Instant,,r,,,,
period,DeviceHealthObserved,rw_dev_interval,Number,Period,,r,,,,
status,DeviceHealthObserved,status,Text,Status,,r,,,,
networkBearer,DeviceHealthObserved,networkBearer,Text,Network Bearer,,r,,,,
rssi,DeviceHealthObserved,rssi,Number,RSSI,,r,,,,
internalTemperature,DeviceHealthObserved,temperature,Number,Internal Temperature,,r,,,,
internalHumidity,DeviceHealthObserved,humidity,Number,Internal Humidity,,r,,,,
internalMemory,DeviceHealthObserved,internalMemoryFree,Number,Internal Memory,,r,,,,
externalMemory,DeviceHealthObserved,externalMemoryFree,Number,External Memory,,r,,,,
configurationStorageMemory,DeviceHealthObserved,configurationStorageFree,Number,Configuration Storage Memory,,r,,,,
batteryLevel,DeviceHealthObserved,batteryLevel,Number,Battery Level,,r,,,,
batteryState,DeviceHealthObserved,batteryState,Text,BatteryState,,r,,,,
batteryVoltage,DeviceHealthObserved,batteryVoltage,Number,Battery Voltage,,r,,,,
batteryCurrent,DeviceHealthObserved,batteryCurrent,Number,Battery Current,,r,,,,
batteryTemperature,DeviceHealthObserved,batteryTemperature,Number,Battery Temperature,,r,,,,
latitudeLocation,DeviceHealthObserved,rw_dho_latitude,Number,Latitude Location,,r,,,,
longitudeLocation,DeviceHealthObserved,rw_dho_longitude,Number,Longitude Location,,r,,,,
altitudeLocation,DeviceHealthObserved,rw_dho_altitude,Number,Altitude Location,,r,,,,
