Command,Name,Description,Operations,Data type,Units,Min,Max,Internal,Sensor name,Datamodel,Mapping,Template
r_ts,Measurement Timestamp,Timestamp (GMT+0),r,uint32_t,dimensionless,N/A,N/A,No,ALL_ONE_PROBES,,,No
r_loop,Measurement Loop number,Sending loop number,r,uint32_t,dimensionless,1,N/A,No,ALL_ONE_PROBES,,,Yes
r_1_tmp,bme280_temperature,bme280_temperature,r,float,celsius,N/A,N/A,No,BME280,,,Yes
r_1_hum,bme280_humidity,bme280_humidity,r,float,%,N/A,N/A,No,BME280,,,Yes
r_1_pres,bme280_pressure,bme280_pressure,r,float,hPa,N/A,N/A,No,BME280,,,Yes
r_2_tmp,si411_temperature,si411_temperature,r,float,celsius,N/A,N/A,No,SI411,,,Yes
r_3_tmpbd,sf421_temperature_bud,sf421_temperature_bud,r,float,celsius,N/A,N/A,No,SF421,,,Yes
r_3_tmpfl,sf421_temperature_flower,sf421_temperature_flower,r,float,celsius,N/A,N/A,No,SF421,,,No
r_4_ox,so411_oxygen,so411_oxygen,r,float,%,N/A,N/A,No,SO411,,,Yes
r_4_tmp,so411_temperature,so411_temperature,r,float,celsius,N/A,N/A,No,SO411,,,Yes
r_4_volt,so411_millivolts,so411_millivolts,r,float,millivolts,N/A,N/A,No,SO411,,,No
r_5_rwc,teros11_raw_water_content,teros11_raw_water_content,r,float,dimensionless,N/A,N/A,No,TEROS11,,,Yes
r_5_tmp,teros11_temperature,teros11_temperature,r,float,celsius,N/A,N/A,No,TEROS11,,,Yes
r_6_rwc,teros12_raw_water_content,teros12_raw_water_content,r,float,dimensionless,N/A,N/A,No,TEROS12,,,Yes
r_6_cond,teros12_conductivity,teros12_conductivity,r,float,µS/cm,N/A,N/A,No,TEROS12,,,Yes
r_6_tmp,teros12_temperature,teros12_temperature,r,float,celsius,N/A,N/A,No,TEROS12,,,Yes
r_7_wp,teros21_water_potential,teros21_water_potential,r,float,kPa,N/A,N/A,No,TEROS21,,,Yes
r_7_tmp,teros21_temperature,teros21_temperature,r,float,celsius,N/A,N/A,No,TEROS21,,,Yes
r_8_vp,atmos14_vapor_pressure,atmos14_vapor_pressure,r,float,kPa,N/A,N/A,No,ATMOS14,,,Yes
r_8_tmp,atmos14_temperature,atmos14_temperature,r,float,celsius,N/A,N/A,No,ATMOS14,,,Yes
r_8_hum,atmos14_humidity,atmos14_humidity,r,float,%RH,N/A,N/A,No,ATMOS14,,,Yes
r_8_pres,atmos14_pressure,atmos14_pressure,r,float,kPa,N/A,N/A,No,ATMOS14,,,Yes
r_9_pres,gmx240_pressure,gmx240_pressure,r,float,kPa,N/A,N/A,No,GMX240,,,Yes
r_9_wd,gmx240_wind_direction,gmx240_wind_direction,r,uint16_t,degrees,N/A,N/A,No,GMX240,,,Yes
r_9_ws,gmx240_wind_speed,gmx240_wind_speed,r,float,m/s,N/A,N/A,No,GMX240,,,Yes
r_9_wcd,gmx240_wind_corrected_direction,gmx240_wind_corrected_direction,r,uint16_t,degrees,N/A,N/A,No,GMX240,,,No
r_9_wad,gmx240_wind_average_direction,gmx240_wind_average_direction,r,uint16_t,degrees,N/A,N/A,No,GMX240,,,No
r_9_was,gmx240_wind_average_speed,gmx240_wind_average_speed,r,float,m/s,N/A,N/A,No,GMX240,,,No
r_9_wagd,gmx240_wind_average_gust_direction,gmx240_wind_average_gust_direction,r,uint16_t,degrees,N/A,N/A,No,GMX240,,,No
r_9_wags,gmx240_wind_average_gust_speed,gmx240_wind_average_gust_speed,r,float,m/s,N/A,N/A,No,GMX240,,,No
r_9_wacd,gmx240_wind_average_corrected_direction,gmx240_wind_average_corrected_direction,r,uint16_t,degrees,N/A,N/A,No,GMX240,,,No
r_9_wss,gmx240_wind_sensor_status,gmx240_wind_sensor_status,r,uint16_t,dimensionless,N/A,N/A,No,GMX240,,,No
r_9_pt,gmx240_precipitation_total,gmx240_precipitation_total,r,float,mm,N/A,N/A,No,GMX240,,,Yes
r_9_pi,gmx240_precipitation_intensity,gmx240_precipitation_intensity,r,float,mm,N/A,N/A,No,GMX240,,,No
r_9_pss,gmx240_precipitation_sensor_status,gmx240_precipitation_sensor_status,r,bool,dimensionless,N/A,N/A,No,GMX240,,,No
r_9_cmp,gmx240_compass,gmx240_compass,r,uint16_t,degrees,N/A,N/A,No,GMX240,,,No
r_9_x,gmx240_x_tilt,gmx240_x_tilt,r,int8_t,degrees,N/A,N/A,No,GMX240,,,No
r_9_y,gmx240_y_tilt,gmx240_y_tilt,r,int8_t,degrees,N/A,N/A,No,GMX240,,,No
r_9_z,gmx240_z_orient,gmx240_z_orient,r,int8_t,degrees,N/A,N/A,No,GMX240,,,No
r_9_ts,gmx240_timestamp,gmx240_timestamp,r,uint32_t,seconds,N/A,N/A,No,GMX240,,,No
r_9_volt,gmx240_supply_voltage,gmx240_supply_voltage,r,float,volts,N/A,N/A,No,GMX240,,,No
r_9_stat,gmx240_status,gmx240_status,r,uint16_t,dimensionless,N/A,N/A,No,GMX240,,,No
r_9_spd,gmx240_gps_speed,gmx240_gps_speed,r,float,m/s,N/A,N/A,No,GMX240,,,No
r_9_cspd,gmx240_gps_corrected_speed,gmx240_gps_corrected_speed,r,float,m/s,N/A,N/A,No,GMX240,,,No
r_9_acspd,gmx240_gps_average_corrected_speed,gmx240_gps_average_corrected_speed,r,float,m/s,N/A,N/A,No,GMX240,,,No
r_9_cgspd,gmx240_gps_corrected_gust_speed,gmx240_gps_corrected_gust_speed,r,float,m/s,N/A,N/A,No,GMX240,,,No
r_9_cgdir,gmx240_gps_corrected_gust_direction,gmx240_gps_corrected_gust_direction,r,uint16_t,degrees,N/A,N/A,No,GMX240,,,No
r_9_lat,gmx240_gps_latitude,gmx240_gps_latitude,r,float,degrees,N/A,N/A,No,GMX240,,,No
r_9_lon,gmx240_gps_longitude,gmx240_gps_longitude,r,float,degrees,N/A,N/A,No,GMX240,,,No
r_9_heig,gmx240_gps_height,gmx240_gps_height,r,float,degrees,N/A,N/A,No,GMX240,,,No
r_9_head,gmx240_gps_heading,gmx240_gps_heading,r,uint16_t,degrees,N/A,N/A,No,GMX240,,,No
r_9_gstat,gmx240_gps_status,gmx240_gps_status,r,uint16_t,dimensionless,N/A,N/A,No,GMX240,,,No
r_10_wd,gmx550_wind_direction,gmx550_wind_direction,r,uint16_t,degrees,N/A,N/A,No,GMX550,,,Yes
r_10_ws,gmx550_wind_speed,gmx550_wind_speed,r,float,m/s,N/A,N/A,No,GMX550,,,Yes
r_10_wcd,gmx550_wind_corrected_direction,gmx550_wind_corrected_direction,r,uint16_t,degrees,N/A,N/A,No,GMX550,,,No
r_10_wad,gmx550_wind_average_direction,gmx550_wind_average_direction,r,uint16_t,degrees,N/A,N/A,No,GMX550,,,No
r_10_was,gmx550_wind_average_speed,gmx550_wind_average_speed,r,float,m/s,N/A,N/A,No,GMX550,,,No
r_10_wagd,gmx550_wind_average_gust_direction,gmx550_wind_average_gust_direction,r,uint16_t,degrees,N/A,N/A,No,GMX550,,,No
r_10_wags,gmx550_wind_average_gust_speed,gmx550_wind_average_gust_speed,r,float,m/s,N/A,N/A,No,GMX550,,,No
r_10_wacd,gmx550_wind_average_corrected_direction,gmx550_wind_average_corrected_direction,r,uint16_t,degrees,N/A,N/A,No,GMX550,,,No
r_10_wss,gmx550_wind_sensor_status,gmx550_wind_sensor_status,r,uint16_t,dimensionless,N/A,N/A,No,GMX550,,,No
r_10_pres,gmx550_pressure,gmx550_pressure,r,float,hPa,N/A,N/A,No,GMX550,,,Yes
r_10_psl,gmx550_pressure_sea_level,gmx550_pressure_sea_level,r,float,hPa,N/A,N/A,No,GMX550,,,No
r_10_ps,gmx550_pressure_station,gmx550_pressure_station,r,float,hPa,N/A,N/A,No,GMX550,,,No
r_10_hr,gmx550_humidity_relative,gmx550_humidity_relative,r,uint8_t,%,N/A,N/A,No,GMX550,,,Yes
r_10_tmp,gmx550_temperature,gmx550_temperature,r,float,celsius,N/A,N/A,No,GMX550,,,Yes
r_10_dp,gmx550_dew_point,gmx550_dew_point,r,float,degrees,N/A,N/A,No,GMX550,,,No
r_10_ha,gmx550_humidity_absolute,gmx550_humidity_absolute,r,float,g/m3,N/A,N/A,No,GMX550,,,No
r_10_pt,gmx550_precipitation_total,gmx550_precipitation_total,r,float,mm,N/A,N/A,No,GMX550,,,Yes
r_10_pi,gmx550_precipitation_intensity,gmx550_precipitation_intensity,r,float,mm,N/A,N/A,No,GMX550,,,No
r_10_pss,gmx550_precipitation_sensor_status,gmx550_precipitation_sensor_status,r,bool,dimensionless,N/A,N/A,No,GMX550,,,Yes
r_10_cmp,gmx550_compass,gmx550_compass,r,uint16_t,degrees,N/A,N/A,No,GMX550,,,No
r_10_wc,gmx550_wind_chill,gmx550_wind_chill,r,float,celsius,N/A,N/A,No,GMX550,,,No
r_10_hi,gmx550_heat_index,gmx550_heat_index,r,float,celsius,N/A,N/A,No,GMX550,,,No
r_10_ad,gmx550_air_density,gmx550_air_density,r,float,Kg/m3,N/A,N/A,No,GMX550,,,No
r_10_tb,gmx550_temperature_bulb,gmx550_temperature_bulb,r,float,celsius,N/A,N/A,No,GMX550,,,No
r_10_hs,gmx550_hour_sunrise,gmx550_hour_sunrise,r,uint16_t,hours,N/A,N/A,No,GMX550,,,No
r_10_ms,gmx550_minute_sunrise,gmx550_minute_sunrise,r,uint16_t,minutes,N/A,N/A,No,GMX550,,,No
r_10_hn,gmx550_hour_noon,gmx550_hour_noon,r,uint16_t,hours,N/A,N/A,No,GMX550,,,No
r_10_mn,gmx550_minute_noon,gmx550_minute_noon,r,uint16_t,minutes,N/A,N/A,No,GMX550,,,No
r_10_hs,gmx550_hour_sunset,gmx550_hour_sunset,r,uint16_t,hours,N/A,N/A,No,GMX550,,,No
r_10_ms,gmx550_minute_sunset,gmx550_minute_sunset,r,uint16_t,minutes,N/A,N/A,No,GMX550,,,No
r_10_azi,gmx550_sun_position_azimut,gmx550_sun_position_azimut,r,float,degrees,N/A,N/A,No,GMX550,,,No
r_10_spa,gmx550_sun_position_altitude,gmx550_sun_position_altitude,r,float,degrees,N/A,N/A,No,GMX550,,,No
r_10_tch,gmx550_twilight_civil_hour,gmx550_twilight_civil_hour,r,uint16_t,hours,N/A,N/A,No,GMX550,,,No
r_10_tcm,gmx550_twilight_civil_minute,gmx550_twilight_civil_minute,r,uint16_t,minutes,N/A,N/A,No,GMX550,,,No
r_10_tnh,gmx550_twilight_nautical_hour,gmx550_twilight_nautical_hour,r,uint16_t,hours,N/A,N/A,No,GMX550,,,No
r_10_tnm,gmx550_twilight_nautical_minute,gmx550_twilight_nautical_minute,r,uint16_t,minutes,N/A,N/A,No,GMX550,,,No
r_10_tah,gmx550_twilight_astronomical_hour,gmx550_twilight_astronomical_hour,r,uint16_t,hours,N/A,N/A,No,GMX550,,,No
r_10_tam,gmx550_twilight_astronomical_minute,gmx550_twilight_astronomical_minute,r,uint16_t,minutes,N/A,N/A,No,GMX550,,,No
r_10_x,gmx550_x_tilt,gmx550_x_tilt,r,int8_t,degrees,N/A,N/A,No,GMX550,,,No
r_10_y,gmx550_y_tilt,gmx550_y_tilt,r,int8_t,degrees,N/A,N/A,No,GMX550,,,No
r_10_z,gmx550_z_orient,gmx550_z_orient,r,int8_t,degrees,N/A,N/A,No,GMX550,,,No
r_10_ts,gmx550_timestamp,gmx550_timestamp,r,uint32_t,seconds,N/A,N/A,No,GMX550,,,No
r_10_volt,gmx550_supply_voltage,gmx550_supply_voltage,r,float,volts,N/A,N/A,No,GMX550,,,No
r_10_stat,gmx550_status,gmx550_status,r,uint16_t,dimensionless,N/A,N/A,No,GMX550,,,No
r_10_spd,gmx_550_gps_speed,gmx_550_gps_speed,r,float,m/s,N/A,N/A,No,GMX550,,,No
r_10_cspd,gmx_550_gps_corrected_speed,gmx_550_gps_corrected_speed,r,float,m/s,N/A,N/A,No,GMX550,,,No
r_10_acspd,gmx_550_gps_average_corrected_speed,gmx_550_gps_average_corrected_speed,r,float,m/s,N/A,N/A,No,GMX550,,,No
r_10_cgspd,gmx_550_gps_corrected_gust_speed,gmx_550_gps_corrected_gust_speed,r,float,m/s,N/A,N/A,No,GMX550,,,No
r_10_cgdir,gmx_550_gps_corrected_gust_direction,gmx_550_gps_corrected_gust_direction,r,uint16_t,degrees,N/A,N/A,No,GMX550,,,No
r_10_lat,gmx_550_gps_latitude,gmx_550_gps_latitude,r,float,degrees,N/A,N/A,No,GMX550,,,No
r_10_lon,gmx_550_gps_longitude,gmx_550_gps_longitude,r,float,degrees,N/A,N/A,No,GMX550,,,No
r_10_heig,gmx_550_gps_height,gmx_550_gps_height,r,float,degrees,N/A,N/A,No,GMX550,,,No
r_10_head,gmx_550_gps_heading,gmx_550_gps_heading,r,uint16_t,degrees,N/A,N/A,No,GMX550,,,No
r_10_stat,gmx_550_gps_status,gmx_550_gps_status,r,uint16_t,dimensionless,N/A,N/A,No,GMX550,,,No
r_11_wd,gmx551_wind_direction,gmx551_wind_direction,r,uint16_t,degrees,N/A,N/A,No,GMX551,,,Yes
r_11_ws,gmx551_wind_speed,gmx551_wind_speed,r,float,m/s,N/A,N/A,No,GMX551,,,Yes
r_11_wcd,gmx551_wind_corrected_direction,gmx551_wind_corrected_direction,r,uint16_t,degrees,N/A,N/A,No,GMX551,,,No
r_11_wad,gmx551_wind_average_direction,gmx551_wind_average_direction,r,uint16_t,degrees,N/A,N/A,No,GMX551,,,No
r_11_was,gmx551_wind_average_speed,gmx551_wind_average_speed,r,float,m/s,N/A,N/A,No,GMX551,,,No
r_11_wagd,gmx551_wind_average_gust_direction,gmx551_wind_average_gust_direction,r,uint16_t,degrees,N/A,N/A,No,GMX551,,,No
r_11_wags,gmx551_wind_average_gust_speed,gmx551_wind_average_gust_speed,r,float,m/s,N/A,N/A,No,GMX551,,,No
r_11_wacd,gmx551_wind_average_corrected_direction,gmx551_wind_average_corrected_direction,r,uint16_t,degrees,N/A,N/A,No,GMX551,,,No
r_11_wss,gmx551_wind_sensor_status,gmx551_wind_sensor_status,r,uint16_t,dimensionless,N/A,N/A,No,GMX551,,,No
r_11_pt,gmx551_precipitation_total,gmx551_precipitation_total,r,float,mm,N/A,N/A,No,GMX551,,,Yes
r_11_pi,gmx551_precipitation_intensity,gmx551_precipitation_intensity,r,float,mm,N/A,N/A,No,GMX551,,,No
r_11_pss,gmx551_precipitation_sensor_status,gmx551_precipitation_sensor_status,r,bool,dimensionless,N/A,N/A,No,GMX551,,,Yes
r_11_cmp,gmx551_compass,gmx551_compass,r,uint16_t,degrees,N/A,N/A,No,GMX551,,,No
r_11_pres,gmx551_pressure,gmx551_pressure,r,float,hPa,N/A,N/A,No,GMX551,,,Yes
r_11_psl,gmx551_pressure_sea_level,gmx551_pressure_sea_level,r,float,hPa,N/A,N/A,No,GMX551,,,No
r_11_ps,gmx551_pressure_station,gmx551_pressure_station,r,float,hPa,N/A,N/A,No,GMX551,,,No
r_11_hr,gmx551_humidity_relative,gmx551_humidity_relative,r,uint8_t,%,N/A,N/A,No,GMX551,,,Yes
r_11_tmp,gmx551_temperature,gmx551_temperature,r,float,celsius,N/A,N/A,No,GMX551,,,Yes
r_11_dp,gmx551_dew_point,gmx551_dew_point,r,float,degrees,N/A,N/A,No,GMX551,,,No
r_11_ha,gmx551_humidity_absolute,gmx551_humidity_absolute,r,float,g/m3,N/A,N/A,No,GMX551,,,No
r_11_sr,gmx551_solar_radiation,gmx551_solar_radiation,r,uint16_t,W/m2,N/A,N/A,No,GMX551,,,Yes
r_11_sh,gmx551_sunshine_hours,gmx551_sunshine_hours,r,float,hours,N/A,N/A,No,GMX551,,,No
r_11_wc,gmx551_wind_chill,gmx551_wind_chill,r,float,celsius,N/A,N/A,No,GMX551,,,No
r_11_hi,gmx551_heat_index,gmx551_heat_index,r,float,celsius,N/A,N/A,No,GMX551,,,No
r_11_ad,gmx551_air_density,gmx551_air_density,r,float,Kg/m3,N/A,N/A,No,GMX551,,,No
r_11_tmpb,gmx551_temperature_bulb,gmx551_temperature_bulb,r,float,celsius,N/A,N/A,No,GMX551,,,No
r_11_hs,gmx551_hour_sunrise,gmx551_hour_sunrise,r,uint16_t,hours,N/A,N/A,No,GMX551,,,No
r_11_ms,gmx551_minute_sunrise,gmx551_minute_sunrise,r,uint16_t,minutes,N/A,N/A,No,GMX551,,,No
r_11_hn,gmx551_hour_noon,gmx551_hour_noon,r,uint16_t,hours,N/A,N/A,No,GMX551,,,No
r_11_mn,gmx551_minute_noon,gmx551_minute_noon,r,uint16_t,minutes,N/A,N/A,No,GMX551,,,No
r_11_hs,gmx551_hour_sunset,gmx551_hour_sunset,r,uint16_t,hours,N/A,N/A,No,GMX551,,,No
r_11_ms,gmx551_minute_sunset,gmx551_minute_sunset,r,uint16_t,minutes,N/A,N/A,No,GMX551,,,No
r_11_azi,gmx551_sun_position_azimut,gmx551_sun_position_azimut,r,float,degrees,N/A,N/A,No,GMX551,,,No
r_11_spa,gmx551_sun_position_altitude,gmx551_sun_position_altitude,r,float,degrees,N/A,N/A,No,GMX551,,,No
r_11_tch,gmx551_twilight_civil_hour,gmx551_twilight_civil_hour,r,uint16_t,hours,N/A,N/A,No,GMX551,,,No
r_11_tcm,gmx551_twilight_civil_minute,gmx551_twilight_civil_minute,r,uint16_t,minutes,N/A,N/A,No,GMX551,,,No
r_11_tnh,gmx551_twilight_nautical_hour,gmx551_twilight_nautical_hour,r,uint16_t,hours,N/A,N/A,No,GMX551,,,No
r_11_tnm,gmx551_twilight_nautical_minute,gmx551_twilight_nautical_minute,r,uint16_t,minutes,N/A,N/A,No,GMX551,,,No
r_11_tah,gmx551_twilight_astronomical_hour,gmx551_twilight_astronomical_hour,r,uint16_t,hours,N/A,N/A,No,GMX551,,,No
r_11_tam,gmx551_twilight_astronomical_minute,gmx551_twilight_astronomical_minute,r,uint16_t,minutes,N/A,N/A,No,GMX551,,,No
r_11_x,gmx551_x_tilt,gmx551_x_tilt,r,int8_t,degrees,N/A,N/A,No,GMX551,,,No
r_11_y,gmx551_y_tilt,gmx551_y_tilt,r,int8_t,degrees,N/A,N/A,No,GMX551,,,No
r_11_z,gmx551_z_orient,gmx551_z_orient,r,int8_t,degrees,N/A,N/A,No,GMX551,,,No
r_11_ts,gmx551_timestamp,gmx551_timestamp,r,uint32_t,seconds,N/A,N/A,No,GMX551,,,No
r_11_volt,gmx551_supply_voltage,gmx551_supply_voltage,r,float,volts,N/A,N/A,No,GMX551,,,No
r_11_stat,gmx551_status,gmx551_status,r,uint16_t,dimensionless,N/A,N/A,No,GMX551,,,No
r_11_spd,gmx_551_gps_speed,gmx_551_gps_speed,r,float,m/s,N/A,N/A,No,GMX551,,,No
r_11_cspd,gmx_551_gps_corrected_speed,gmx_551_gps_corrected_speed,r,float,m/s,N/A,N/A,No,GMX551,,,No
r_11_acspd,gmx_551_gps_average_corrected_speed,gmx_551_gps_average_corrected_speed,r,float,m/s,N/A,N/A,No,GMX551,,,No
r_11_cgspd,gmx_551_gps_corrected_gust_speed,gmx_551_gps_corrected_gust_speed,r,float,m/s,N/A,N/A,No,GMX551,,,No
r_11_cgdir,gmx_551_gps_corrected_gust_direction,gmx_551_gps_corrected_gust_direction,r,uint16_t,degrees,N/A,N/A,No,GMX551,,,No
r_11_lat,gmx_551_gps_latitude,gmx_551_gps_latitude,r,float,degrees,N/A,N/A,No,GMX551,,,No
r_11_lon,gmx_551_gps_longitude,gmx_551_gps_longitude,r,float,degrees,N/A,N/A,No,GMX551,,,No
r_11_heig,gmx_551_gps_height,gmx_551_gps_height,r,float,degrees,N/A,N/A,No,GMX551,,,No
r_11_head,gmx_551_gps_heading,gmx_551_gps_heading,r,uint16_t,degrees,N/A,N/A,No,GMX551,,,No
r_11_stat,gmx_551_gps_status,gmx_551_gps_status,r,uint16_t,dimensionless,N/A,N/A,No,GMX551,,,No
r_12_rad,met2_radiation,met2_radiation,r,uint16_t,W/m2,N/A,N/A,No,MET2,,,Yes
r_12_rad1,met2_semicell_radiation_one,met2_semicell_radiation_one,r,uint16_t,W/m2,N/A,N/A,No,MET2,,,No
r_12_rad2,met2_semicell_radiation_two,met2_semicell_radiation_two,r,uint16_t,W/m2,N/A,N/A,No,MET2,,,No
r_12_tenv,met2_temperature_environment,met2_temperature_environment,r,float,celsius,N/A,N/A,No,MET2,,,No
r_12_tpan,met2_temperature_panel,met2_temperature_panel,r,float,celsius,N/A,N/A,No,MET2,,,Yes
r_12_psh,met2_peak_sun_hours,met2_peak_sun_hours,r,float,hours,N/A,N/A,No,MET2,,,No
r_12_cn,met2_cleaning_notice,met2_cleaning_notice,r,uint16_t,dimensionless,N/A,N/A,No,MET2,,,No
r_12_ws,met2_wind_speed,met2_wind_speed,r,float,m/s,N/A,N/A,No,MET2,,,No
r_13_tmp,optod_temperature,optod_temperature,r,float,celsius,N/A,N/A,No,OPTOD,,,Yes
r_13_oxsat,optod_oxygen_saturation,optod_oxygen_saturation,r,float,%,N/A,N/A,No,OPTOD,,,Yes
r_13_oxmpl,optod_oxygen_milligramsperliter,optod_oxygen_milligramsperliter,r,float,mg/L,N/A,N/A,No,OPTOD,,,No
r_13_oxppm,optod_oxygen_partspermillion,optod_oxygen_partspermillion,r,float,ppm,N/A,N/A,No,OPTOD,,,No
r_14_tmp,pheht_temperature,pheht_temperature,r,float,celsius,N/A,N/A,No,PHEHT,,,Yes
r_14_ph,pheht_ph,pheht_ph,r,float,pH,N/A,N/A,No,PHEHT,,,Yes
r_14_phv,pheht_ph_millivolts,pheht_ph_millivolts,r,float,millivolts,N/A,N/A,No,PHEHT,,,No
r_14_redox,pheht_ph_redox,pheht_ph_redox,r,float,millivolts,N/A,N/A,No,PHEHT,,,Yes
r_15_tmp,c4e_temperature,c4e_temperature,r,float,celsius,N/A,N/A,No,C4E,,,Yes
r_15_cond,c4e_conductivity,c4e_conductivity,r,float,µS/cm,N/A,N/A,No,C4E,,,Yes
r_15_sal,c4e_salinity,c4e_salinity,r,float,ppt,N/A,N/A,No,C4E,,,Yes
r_15_ds,c4e_dissolved_solids,c4e_dissolved_solids,r,float,ppm,N/A,N/A,No,C4E,,,Yes
r_16_tmp,ctzn_temperature,ctzn_temperature,r,float,celsius,N/A,N/A,No,CTZN,,,Yes
r_16_cond,ctzn_conductivity,ctzn_conductivity,r,float,mS/cm,N/A,N/A,No,CTZN,,,Yes
r_16_sal,ctzn_salinity,ctzn_salinity,r,float,ppt,N/A,N/A,No,CTZN,,,Yes
r_16_cnc,ctzn_conductivity_not_compensated,ctzn_conductivity_not_compensated,r,float,mS/cm,N/A,N/A,No,CTZN,,,No
r_17_tmp,ntu_temperature,ntu_temperature,r,float,celsius,N/A,N/A,No,NTU,,,Yes
r_17_tntu,ntu_turbidity_ntu,ntu_turbidity_ntu,r,float,NTU,N/A,N/A,No,NTU,,,Yes
r_17_tmgl,ntu_turbidity_mgl,ntu_turbidity_mgl,r,float,mg/L,N/A,N/A,No,NTU,,,No
r_18_tmp,mes5_temperature,mes5_temperature,r,float,celsius,N/A,N/A,No,MES5,,,Yes
r_18_s,mes5_sludge,mes5_sludge,r,float,%,N/A,N/A,No,MES5,,,Yes
r_18_ss,mes5_supspended_solids,mes5_supspended_solids,r,float,g/L,N/A,N/A,No,MES5,,,Yes
r_18_tfau,mes5_turbidity_fau,mes5_turbidity_fau,r,float,FAU,N/A,N/A,No,MES5,,,No
r_19_tmp,sac_temperature,sac_temperature,r,float,celsius,N/A,N/A,No,SAC,,,Yes
r_19_sac,sac_sac,sac_sac,r,float,m-1,N/A,N/A,No,SAC,,,No
r_19_cod,sac_cod,sac_cod,r,float,mg/L,N/A,N/A,No,SAC,,,Yes
r_19_bod,sac_bod,sac_bod,r,float,mg/L,N/A,N/A,No,SAC,,,Yes
r_19_toc,sac_toc,sac_toc,r,float,mg/L,N/A,N/A,No,SAC,,,Yes
r_19_uvab,sac_uv_absorbance,sac_uv_absorbance,r,float,[],N/A,N/A,No,SAC,,,No
r_19_grab,sac_gr_absorbance,sac_gr_absorbance,r,float,[],N/A,N/A,No,SAC,,,No
r_19_tfau,sac_turbidity,sac_turbidity,r,float,FAU,N/A,N/A,No,SAC,,,No
r_19_uvtr,sac_uv_transmittance,sac_uv_transmittance,r,float,[],N/A,N/A,No,SAC,,,No
r_19_grt,sac_gr_transmittance,sac_gr_transmittance,r,float,[],N/A,N/A,No,SAC,,,No
r_20_stag,c21_stage,c21_stage,r,float,meters,N/A,N/A,No,C21,,,No
r_20_dist,c21_distance,c21_distance,r,float,meters,N/A,N/A,No,C21,,,No
r_20_tmp,c21_temperature,c21_temperature,r,float,celsius,N/A,N/A,No,C21,,,No
r_20_rel,c21_reliability,c21_reliability,r,float,dB,N/A,N/A,No,C21,,,No
r_20_stat,c21_status,c21_status,r,float,dimensionless,N/A,N/A,No,C21,,,No
r_21_laf,nls2_laf,nls2_laf,r,float,dB,N/A,N/A,No,NLS2,,,No
r_21_las,nls2_las,nls2_las,r,float,dB,N/A,N/A,No,NLS2,,,No
r_21_lai,nls2_lai,nls2_lai,r,float,dB,N/A,N/A,No,NLS2,,,No
r_21_lbf,nls2_lbf,nls2_lbf,r,float,dB,N/A,N/A,No,NLS2,,,No
r_21_lbs,nls2_lbs,nls2_lbs,r,float,dB,N/A,N/A,No,NLS2,,,No
r_21_lbi,nls2_lbi,nls2_lbi,r,float,dB,N/A,N/A,No,NLS2,,,No
r_21_lcf,nls2_lcf,nls2_lcf,r,float,dB,N/A,N/A,No,NLS2,,,No
r_21_lcs,nls2_lcs,nls2_lcs,r,float,dB,N/A,N/A,No,NLS2,,,No
r_21_lci,nls2_lci,nls2_lci,r,float,dB,N/A,N/A,No,NLS2,,,No
r_21_lzf,nls2_lzf,nls2_lzf,r,float,dB,N/A,N/A,No,NLS2,,,No
r_21_lzs,nls2_lzs,nls2_lzs,r,float,dB,N/A,N/A,No,NLS2,,,No
r_21_lzi,nls2_lzi,nls2_lzi,r,float,dB,N/A,N/A,No,NLS2,,,No
r_21_lafsd,nls2_lafsd,nls2_lafsd,r,float,dB,N/A,N/A,No,NLS2,,,No
r_21_lassd,nls2_lassd,nls2_lassd,r,float,dB,N/A,N/A,No,NLS2,,,No
r_21_laisd,nls2_laisd,nls2_laisd,r,float,dB,N/A,N/A,No,NLS2,,,No
r_21_lbfsd,nls2_lbfsd,nls2_lbfsd,r,float,dB,N/A,N/A,No,NLS2,,,No
r_21_lbssd,nls2_lbssd,nls2_lbssd,r,float,dB,N/A,N/A,No,NLS2,,,No
r_21_lbisd,nls2_lbisd,nls2_lbisd,r,float,dB,N/A,N/A,No,NLS2,,,No
r_21_lcfsd,nls2_lcfsd,nls2_lcfsd,r,float,dB,N/A,N/A,No,NLS2,,,No
r_21_lcssd,nls2_lcssd,nls2_lcssd,r,float,dB,N/A,N/A,No,NLS2,,,No
r_21_lcisd,nls2_lcisd,nls2_lcisd,r,float,dB,N/A,N/A,No,NLS2,,,No
r_21_lzfsd,nls2_lzfsd,nls2_lzfsd,r,float,dB,N/A,N/A,No,NLS2,,,No
r_21_lzssd,nls2_lzssd,nls2_lzssd,r,float,dB,N/A,N/A,No,NLS2,,,No
r_21_lzisd,nls2_lzisd,nls2_lzisd,r,float,dB,N/A,N/A,No,NLS2,,,No
r_21_lasel,nls2_lasel,nls2_lasel,r,float,dB,N/A,N/A,No,NLS2,,,No
r_21_lbsel,nls2_lbsel,nls2_lbsel,r,float,dB,N/A,N/A,No,NLS2,,,No
r_21_lcsel,nls2_lcsel,nls2_lcsel,r,float,dB,N/A,N/A,No,NLS2,,,No
r_21_lzsel,nls2_lzsel,nls2_lzsel,r,float,dB,N/A,N/A,No,NLS2,,,No
r_21_lae,nls2_lae,nls2_lae,r,float,dimensionless,N/A,N/A,No,NLS2,,,No
r_21_lbe,nls2_lbe,nls2_lbe,r,float,dimensionless,N/A,N/A,No,NLS2,,,No
r_21_lce,nls2_lce,nls2_lce,r,float,dimensionless,N/A,N/A,No,NLS2,,,No
r_21_lze,nls2_lze,nls2_lze,r,float,dimensionless,N/A,N/A,No,NLS2,,,No
r_21_lafmax,nls2_lafmax,nls2_lafmax,r,float,dB,N/A,N/A,No,NLS2,,,No
r_21_lasmax,nls2_lasmax,nls2_lasmax,r,float,dB,N/A,N/A,No,NLS2,,,No
r_21_laimax,nls2_laimax,nls2_laimax,r,float,dB,N/A,N/A,No,NLS2,,,No
r_21_lbfmax,nls2_lbfmax,nls2_lbfmax,r,float,dB,N/A,N/A,No,NLS2,,,No
r_21_lbsmax,nls2_lbsmax,nls2_lbsmax,r,float,dB,N/A,N/A,No,NLS2,,,No
r_21_lbimax,nls2_lbimax,nls2_lbimax,r,float,dB,N/A,N/A,No,NLS2,,,No
r_21_lcfmax,nls2_lcfmax,nls2_lcfmax,r,float,dB,N/A,N/A,No,NLS2,,,No
r_21_lcsmax,nls2_lcsmax,nls2_lcsmax,r,float,dB,N/A,N/A,No,NLS2,,,No
r_21_lcimax,nls2_lcimax,nls2_lcimax,r,float,dB,N/A,N/A,No,NLS2,,,No
r_21_lzfmax,nls2_lzfmax,nls2_lzfmax,r,float,dB,N/A,N/A,No,NLS2,,,No
r_21_lzsmax,nls2_lzsmax,nls2_lzsmax,r,float,dB,N/A,N/A,No,NLS2,,,No
r_21_lzimax,nls2_lzimax,nls2_lzimax,r,float,dB,N/A,N/A,No,NLS2,,,No
r_21_lafmin,nls2_lafmin,nls2_lafmin,r,float,dB,N/A,N/A,No,NLS2,,,No
r_21_lasmin,nls2_lasmin,nls2_lasmin,r,float,dB,N/A,N/A,No,NLS2,,,No
r_21_laimin,nls2_laimin,nls2_laimin,r,float,dB,N/A,N/A,No,NLS2,,,No
r_21_lbfmin,nls2_lbfmin,nls2_lbfmin,r,float,dB,N/A,N/A,No,NLS2,,,No
r_21_lbsmin,nls2_lbsmin,nls2_lbsmin,r,float,dB,N/A,N/A,No,NLS2,,,No
r_21_lbimin,nls2_lbimin,nls2_lbimin,r,float,dB,N/A,N/A,No,NLS2,,,No
r_21_lcfmin,nls2_lcfmin,nls2_lcfmin,r,float,dB,N/A,N/A,No,NLS2,,,No
r_21_lcsmin,nls2_lcsmin,nls2_lcsmin,r,float,dB,N/A,N/A,No,NLS2,,,No
r_21_lcimin,nls2_lcimin,nls2_lcimin,r,float,dB,N/A,N/A,No,NLS2,,,No
r_21_lzfmin,nls2_lzfmin,nls2_lzfmin,r,float,dB,N/A,N/A,No,NLS2,,,No
r_21_lzsmin,nls2_lzsmin,nls2_lzsmin,r,float,dB,N/A,N/A,No,NLS2,,,No
r_21_lzimin,nls2_lzimin,nls2_lzimin,r,float,dB,N/A,N/A,No,NLS2,,,No
r_21_lapk,nls2_lapeak,nls2_lapeak,r,float,dB,N/A,N/A,No,NLS2,,,No
r_21_lbpk,nls2_lbpeak,nls2_lbpeak,r,float,dB,N/A,N/A,No,NLS2,,,No
r_21_lcpk,nls2_lcpeak,nls2_lcpeak,r,float,dB,N/A,N/A,No,NLS2,,,No
r_21_lzpk,nls2_lzpeak,nls2_lzpeak,r,float,dB,N/A,N/A,No,NLS2,,,No
r_21_laeq,nls2_laeq,nls2_laeq,r,float,dB,N/A,N/A,No,NLS2,,,Yes
r_21_lbeq,nls2_lbeq,nls2_lbeq,r,float,dB,N/A,N/A,No,NLS2,,,No
r_21_lceq,nls2_lceq,nls2_lceq,r,float,dB,N/A,N/A,No,NLS2,,,No
r_21_lzeq,nls2_lzeq,nls2_lzeq,r,float,dB,N/A,N/A,No,NLS2,,,No
r_21_l10,nls2_l10,nls2_l10,r,float,dB,N/A,N/A,No,NLS2,NoiseLevelObserved,LA10,No
r_21_l20,nls2_l20,nls2_l20,r,float,dB,N/A,N/A,No,NLS2,,,No
r_21_l30,nls2_l30,nls2_l30,r,float,dB,N/A,N/A,No,NLS2,,,No
r_21_l40,nls2_l40,nls2_l40,r,float,dB,N/A,N/A,No,NLS2,,,No
r_21_l50,nls2_l50,nls2_l50,r,float,dB,N/A,N/A,No,NLS2,NoiseLevelObserved,LA50,No
r_21_l60,nls2_l60,nls2_l60,r,float,dB,N/A,N/A,No,NLS2,,,No
r_21_l70,nls2_l70,nls2_l70,r,float,dB,N/A,N/A,No,NLS2,,,No
r_21_l80,nls2_l80,nls2_l80,r,float,dB,N/A,N/A,No,NLS2,,,No
r_21_l90,nls2_l90,nls2_l90,r,float,dB,N/A,N/A,No,NLS2,NoiseLevelObserved,LA90,No
r_21_l99,nls2_l99,nls2_l99,r,float,dB,N/A,N/A,No,NLS2,NoiseLevelObserved,LA99,No
r_23_pm1,ocpn3_pm_1,ocpn3_pm_1,r,float,µg/m3,N/A,N/A,No,OPCN3,,,Yes
r_23_pm25,ocpn3_pm_2_5,ocpn3_pm_2_5,r,float,µg/m3,N/A,N/A,No,OPCN3,,,Yes
r_23_pm10,ocpn3_pm_10,ocpn3_pm_10,r,float,µg/m3,N/A,N/A,No,OPCN3,,,Yes
r_22_tmp,manta_temperature,manta_temperature,r,float,celsius,N/A,N/A,No,MANTA3,,,Yes
r_22_ph,manta_ph,manta_ph,r,float,pH,N/A,N/A,No,MANTA3,,,Yes
r_22_orp,manta_orp,manta_orp,r,float,millivolts,N/A,N/A,No,MANTA3,,,Yes
r_22_turb,manta_turbidity,manta_turbidity,r,float,FNU,N/A,N/A,No,MANTA3,,,Yes
r_22_trns,manta_transmissivity,manta_transmissivity,r,float,%,N/A,N/A,No,MANTA3,,,No
r_22_conc,manta_concentration,manta_concentration,r,float,mg/l,N/A,N/A,No,MANTA3,,,No
r_22_sat,manta_saturation,manta_saturation,r,float,%,N/A,N/A,No,MANTA3,,,No
r_22_cuscm,manta_conductance_uscm,manta_conductance_uscm,r,float,µS/cm,N/A,N/A,No,MANTA3,,,No
r_22_cmscm,manta_conductance_mscm,manta_conductance_mscm,r,float,mS/cm,N/A,N/A,No,MANTA3,,,No
r_22_sal,manta_salinity,manta_salinity,r,float,PSU,N/A,N/A,No,MANTA3,,,No
r_22_tds,manta_total_dissolved_solids,manta_total_dissolved_solids,r,float,g/l,N/A,N/A,No,MANTA3,,,No
r_22_dpt,manta_depth,manta_depth,r,float,m,N/A,N/A,No,MANTA3,,,No
r_22_vd,manta_vented_depth,manta_vented_depth,r,float,m,N/A,N/A,No,MANTA3,,,No
r_22_bp,manta_barometric_pressure,manta_barometric_pressure,r,float,mmHg,N/A,N/A,No,MANTA3,,,No
r_22_tdg,manta_total_dissolved_gas,manta_total_dissolved_gas,r,float,mmHg,N/A,N/A,No,MANTA3,,,No
r_22_cab,manta_chlorophyll_a_blue,manta_chlorophyll_a_blue,r,float,µg/l,N/A,N/A,No,MANTA3,,,No
r_22_car,manta_chlorophyll_a_red,manta_chlorophyll_a_red,r,float,µg/l,N/A,N/A,No,MANTA3,,,No
r_22_rd,manta_rhodamine_dye,manta_rhodamine_dye,r,float,ppb,N/A,N/A,No,MANTA3,,,No
r_22_phycoc,manta_phycocyanin,manta_phycocyanin,r,float,ppb,N/A,N/A,No,MANTA3,,,No
r_22_phycoe,manta_phycoerythrin,manta_phycoerythrin,r,float,ppb,N/A,N/A,No,MANTA3,,,No
r_22_cfdom,manta_cdom_fdom,manta_cdom_fdom,r,float,ppb,N/A,N/A,No,MANTA3,,,No
r_22_ob,manta_optical_brightener,manta_optical_brightener,r,float,ppb,N/A,N/A,No,MANTA3,,,No
r_22_tryp,manta_tryptophan,manta_tryptophan,r,float,ppb,N/A,N/A,No,MANTA3,,,No
r_22_fuor,manta_fuorescein_dye,manta_fuorescein_dye,r,float,ppb,N/A,N/A,No,MANTA3,,,No
r_22_ptsa,manta_ptsa,manta_ptsa,r,float,ppb,N/A,N/A,No,MANTA3,,,No
r_22_roil,manta_refined_oil,manta_refined_oil,r,float,ppb,N/A,N/A,No,MANTA3,,,No
r_22_coil,manta_crude_oil,manta_crude_oil,r,float,ppb,N/A,N/A,No,MANTA3,,,No
r_22_amn,manta_ammonium,manta_ammonium,r,float,mg/l,N/A,N/A,No,MANTA3,,,No
r_22_ntr,manta_nitrate,manta_nitrate,r,float,mg/l,N/A,N/A,No,MANTA3,,,No
r_22_chl,manta_chloride,manta_chloride,r,float,mg/l,N/A,N/A,No,MANTA3,,,No
r_22_sod,manta_sodium,manta_sodium,r,float,mg/l,N/A,N/A,No,MANTA3,,,No
r_22_cal,manta_calcium,manta_calcium,r,float,mg/l,N/A,N/A,No,MANTA3,,,No
r_22_bro,manta_bromide,manta_bromide,r,float,mg/l,N/A,N/A,No,MANTA3,,,No
r_22_photo,manta_photometric_par,manta_photometric_par,r,float,µmol/cm2,N/A,N/A,No,MANTA3,,,No
r_22_co2,manta_carbon_dioxide,manta_carbon_dioxide,r,float,ppm,N/A,N/A,No,MANTA3,,,No
r_27_tmp,wsd2_temperature,wsd2_temperature,r,float,celsius,N/A,N/A,No,WSD2,,,Yes
r_27_hum,wsd2_humidity,wsd2_humidity,r,float,%,N/A,N/A,No,WSD2,,,Yes
r_28_rad,sq421_radiation,sq421_radiation,r,float,µmol/m2*s,N/A,N/A,No,SQ421,,,Yes
r_28_volt,sq421_millivolts,sq421_millivolts,r,float,V,N/A,N/A,No,SQ421,,,No
r_28_radi,sq421_radiation_immersed,sq421_radiation_immersed,r,float,µmol/m2*s,N/A,N/A,No,SQ421,,,No
r_29_hum,lw_humidity,lw_humidity,r,float,%,N/A,N/A,No,LEAF-WETNESS,,,Yes
r_29_tmp,lw_temperature,lw_temperature,r,float,celsius,N/A,N/A,No,LEAF-WETNESS,,,Yes
r_30_las,nlsv2_las,nlsv2_las,r,float,dBA,N/A,N/A,No,NLSV2,,,No
r_30_lasmin,nlsv2_lasmin,nlsv2_lasmin,r,float,dBA,N/A,N/A,No,NLSV2,,,No
r_30_lasmax,nlsv2_lasmax,nlsv2_lasmax,r,float,dBA,N/A,N/A,No,NLSV2,,,No
r_30_laf,nlsv2_laf,nlsv2_laf,r,float,dBA,N/A,N/A,No,NLSV2,,,No
r_30_lafmin,nlsv2_lafmin,nlsv2_lafmin,r,float,dBA,N/A,N/A,No,NLSV2,,,No
r_30_lafmax,nlsv2_lafmax,nlsv2_lafmax,r,float,dBA,N/A,N/A,No,NLSV2,,,No
r_30_lamin,nlsv2_lamin,nlsv2_lamin,r,float,dBA,N/A,N/A,No,NLSV2,,,No
r_30_lamax,nlsv2_lamax,nlsv2_lamax,r,float,dBA,N/A,N/A,No,NLSV2,,,No
r_30_laeq,nlsv2_laeq,nlsv2_laeq,r,float,dBA,N/A,N/A,No,NLSV2,NoiseLevelObserved,LAeq,Yes
r_30_la10,nlsv2_la10,nlsv2_la10,r,float,dBA,N/A,N/A,No,NLSV2,NoiseLevelObserved,LA10,No
r_30_la20,nlsv2_la20,nlsv2_la20,r,float,dBA,N/A,N/A,No,NLSV2,,,No
r_30_la30,nlsv2_la30,nlsv2_la30,r,float,dBA,N/A,N/A,No,NLSV2,,,No
r_30_la40,nlsv2_la40,nlsv2_la40,r,float,dBA,N/A,N/A,No,NLSV2,,,No
r_30_la50,nlsv2_la50,nlsv2_la50,r,float,dBA,N/A,N/A,No,NLSV2,NoiseLevelObserved,LA50,No
r_30_la60,nlsv2_la60,nlsv2_la60,r,float,dBA,N/A,N/A,No,NLSV2,,,No
r_30_la70,nlsv2_la70,nlsv2_la70,r,float,dBA,N/A,N/A,No,NLSV2,,,No
r_30_la80,nlsv2_la80,nlsv2_la80,r,float,dBA,N/A,N/A,No,NLSV2,,,No
r_30_la90,nlsv2_la90,nlsv2_la90,r,float,dBA,N/A,N/A,No,NLSV2,NoiseLevelObserved,LA90,No
r_30_la99,nlsv2_la99,nlsv2_la99,r,float,dBA,N/A,N/A,No,NLSV2,NoiseLevelObserved,LA99,No
r_31_ws,ws3000_wind_speed,ws3000_wind_speed,r,float,m/s,N/A,N/A,No,WS3000,,,No
r_31_vd,ws3000_vane_direction,ws3000_vane_direction,r,float,degrees,N/A,N/A,No,WS3000,,,No
r_31_pre,ws3000_precipitation,ws3000_precipitation,r,float,l/m2,N/A,N/A,No,WS3000,,,No
r_32_msd0,envipro_moisture_with_salinity_depth_0,envipro_moisture_with_salinity_depth_0,r,float,%,N/A,N/A,No,ENVIROPRO,,,Yes
r_32_msd1,envipro_moisture_with_salinity_depth_1,envipro_moisture_with_salinity_depth_1,r,float,%,N/A,N/A,No,ENVIROPRO,,,Yes
r_32_msd2,envipro_moisture_with_salinity_depth_2,envipro_moisture_with_salinity_depth_2,r,float,%,N/A,N/A,No,ENVIROPRO,,,Yes
r_32_msd3,envipro_moisture_with_salinity_depth_3,envipro_moisture_with_salinity_depth_3,r,float,%,N/A,N/A,No,ENVIROPRO,,,Yes
r_32_msd4,envipro_moisture_with_salinity_depth_4,envipro_moisture_with_salinity_depth_4,r,float,%,N/A,N/A,No,ENVIROPRO,,,Yes
r_32_msd5,envipro_moisture_with_salinity_depth_5,envipro_moisture_with_salinity_depth_5,r,float,%,N/A,N/A,No,ENVIROPRO,,,Yes
r_32_msd6,envipro_moisture_with_salinity_depth_6,envipro_moisture_with_salinity_depth_6,r,float,%,N/A,N/A,No,ENVIROPRO,,,Yes
r_32_msd7,envipro_moisture_with_salinity_depth_7,envipro_moisture_with_salinity_depth_7,r,float,%,N/A,N/A,No,ENVIROPRO,,,Yes
r_32_sd0,envipro_salinity_depth_0,envipro_salinity_depth_0,r,float,ds/m,N/A,N/A,No,ENVIROPRO,,,No
r_32_sd1,envipro_salinity_depth_1,envipro_salinity_depth_1,r,float,ds/m,N/A,N/A,No,ENVIROPRO,,,No
r_32_sd2,envipro_salinity_depth_2,envipro_salinity_depth_2,r,float,ds/m,N/A,N/A,No,ENVIROPRO,,,No
r_32_sd3,envipro_salinity_depth_3,envipro_salinity_depth_3,r,float,ds/m,N/A,N/A,No,ENVIROPRO,,,No
r_32_sd4,envipro_salinity_depth_4,envipro_salinity_depth_4,r,float,ds/m,N/A,N/A,No,ENVIROPRO,,,No
r_32_sd5,envipro_salinity_depth_5,envipro_salinity_depth_5,r,float,ds/m,N/A,N/A,No,ENVIROPRO,,,No
r_32_sd6,envipro_salinity_depth_6,envipro_salinity_depth_6,r,float,ds/m,N/A,N/A,No,ENVIROPRO,,,No
r_32_sd7,envipro_salinity_depth_7,envipro_salinity_depth_7,r,float,ds/m,N/A,N/A,No,ENVIROPRO,,,No
r_32_td0,envipro_temperature_depth_0,envipro_temperature_depth_0,r,float,celsius,N/A,N/A,No,ENVIROPRO,,,Yes
r_32_td1,envipro_temperature_depth_1,envipro_temperature_depth_1,r,float,celsius,N/A,N/A,No,ENVIROPRO,,,Yes
r_32_td2,envipro_temperature_depth_2,envipro_temperature_depth_2,r,float,celsius,N/A,N/A,No,ENVIROPRO,,,Yes
r_32_td3,envipro_temperature_depth_3,envipro_temperature_depth_3,r,float,celsius,N/A,N/A,No,ENVIROPRO,,,Yes
r_32_td4,envipro_temperature_depth_4,envipro_temperature_depth_4,r,float,celsius,N/A,N/A,No,ENVIROPRO,,,Yes
r_32_td5,envipro_temperature_depth_5,envipro_temperature_depth_5,r,float,celsius,N/A,N/A,No,ENVIROPRO,,,Yes
r_32_td6,envipro_temperature_depth_6,envipro_temperature_depth_6,r,float,celsius,N/A,N/A,No,ENVIROPRO,,,Yes
r_32_td7,envipro_temperature_depth_7,envipro_temperature_depth_7,r,float,celsius,N/A,N/A,No,ENVIROPRO,,,Yes
r_32_mwosd0,envipro_moisture_without_salinity_depth_0,envipro_moisture_without_salinity_depth_0,r,float,%,N/A,N/A,No,ENVIROPRO,,,No
r_32_mwosd1,envipro_moisture_without_salinity_depth_1,envipro_moisture_without_salinity_depth_1,r,float,%,N/A,N/A,No,ENVIROPRO,,,No
r_32_mwosd2,envipro_moisture_without_salinity_depth_2,envipro_moisture_without_salinity_depth_2,r,float,%,N/A,N/A,No,ENVIROPRO,,,No
r_32_mwosd3,envipro_moisture_without_salinity_depth_3,envipro_moisture_without_salinity_depth_3,r,float,%,N/A,N/A,No,ENVIROPRO,,,No
r_32_mwosd4,envipro_moisture_without_salinity_depth_4,envipro_moisture_without_salinity_depth_4,r,float,%,N/A,N/A,No,ENVIROPRO,,,No
r_32_mwosd5,envipro_moisture_without_salinity_depth_5,envipro_moisture_without_salinity_depth_5,r,float,%,N/A,N/A,No,ENVIROPRO,,,No
r_32_mwosd6,envipro_moisture_without_salinity_depth_6,envipro_moisture_without_salinity_depth_6,r,float,%,N/A,N/A,No,ENVIROPRO,,,No
r_32_mwosd7,envipro_moisture_without_salinity_depth_7,envipro_moisture_without_salinity_depth_7,r,float,%,N/A,N/A,No,ENVIROPRO,,,No
r_33_td0,envipro_l_temperature_depth_0,envipro_l_temperature_depth_0,r,float,celsius,N/A,N/A,No,ENVIROPRO_L,,,No
r_33_td1,envipro_l_temperature_depth_1,envipro_l_temperature_depth_1,r,float,celsius,N/A,N/A,No,ENVIROPRO_L,,,No
r_33_td2,envipro_l_temperature_depth_2,envipro_l_temperature_depth_2,r,float,celsius,N/A,N/A,No,ENVIROPRO_L,,,No
r_33_td3,envipro_l_temperature_depth_3,envipro_l_temperature_depth_3,r,float,celsius,N/A,N/A,No,ENVIROPRO_L,,,No
r_33_td4,envipro_l_temperature_depth_4,envipro_l_temperature_depth_4,r,float,celsius,N/A,N/A,No,ENVIROPRO_L,,,No
r_33_td5,envipro_l_temperature_depth_5,envipro_l_temperature_depth_5,r,float,celsius,N/A,N/A,No,ENVIROPRO_L,,,No
r_33_td6,envipro_l_temperature_depth_6,envipro_l_temperature_depth_6,r,float,celsius,N/A,N/A,No,ENVIROPRO_L,,,No
r_33_td7,envipro_l_temperature_depth_7,envipro_l_temperature_depth_7,r,float,celsius,N/A,N/A,No,ENVIROPRO_L,,,No
r_33_mwosd0,envipro_l_moisture_without_salinity_depth_0,envipro_l_moisture_without_salinity_depth_0,r,float,%,N/A,N/A,No,ENVIROPRO_L,,,No
r_33_mwosd1,envipro_l_moisture_without_salinity_depth_1,envipro_l_moisture_without_salinity_depth_1,r,float,%,N/A,N/A,No,ENVIROPRO_L,,,No
r_33_mwosd2,envipro_l_moisture_without_salinity_depth_2,envipro_l_moisture_without_salinity_depth_2,r,float,%,N/A,N/A,No,ENVIROPRO_L,,,No
r_33_mwosd3,envipro_l_moisture_without_salinity_depth_3,envipro_l_moisture_without_salinity_depth_3,r,float,%,N/A,N/A,No,ENVIROPRO_L,,,No
r_33_mwosd4,envipro_l_moisture_without_salinity_depth_4,envipro_l_moisture_without_salinity_depth_4,r,float,%,N/A,N/A,No,ENVIROPRO_L,,,No
r_33_mwosd5,envipro_l_moisture_without_salinity_depth_5,envipro_l_moisture_without_salinity_depth_5,r,float,%,N/A,N/A,No,ENVIROPRO_L,,,No
r_33_mwosd6,envipro_l_moisture_without_salinity_depth_6,envipro_l_moisture_without_salinity_depth_6,r,float,%,N/A,N/A,No,ENVIROPRO_L,,,No
r_33_mwosd7,envipro_l_moisture_without_salinity_depth_7,envipro_l_moisture_without_salinity_depth_7,r,float,%,N/A,N/A,No,ENVIROPRO_L,,,No
r_34_swt,wm_soil_water_tension,wm_soil_water_tension,r,float,centibars,N/A,N/A,No,WATERMARK,,,Yes
r_35_dist,dendrometer_distance,dendrometer_distance,r,uint32_t,µm,N/A,N/A,No,DENDROMETER,,,Yes
r_36_rad,sp510_radiation,sp510_radiation,r,float,W/m2,N/A,N/A,No,SP510,,,Yes
r_37_hi,lws_humidity_index,lws_humidity_index,r,float,dimensionless,N/A,N/A,No,LWS,,,Yes
r_41_nh3,ccg10_nh3_concentration,ccg10_nh3_concentration,r,uint32_t,ppm,N/A,N/A,No,CCG10_NH3,,,Yes
r_42_ch4,ccg10_ch4_concentration,ccg10_ch4_concentration,r,uint32_t,ppm,N/A,N/A,No,CCG10_CH4,,,Yes
r_43_tmp,sil411_temperature,sil411_temperature,r,float,celsius,N/A,N/A,No,SIL411,,,Yes
r_44_rad,sq100x_radiation,sq100x_radiation,r,float,µmol/m2*s,N/A,N/A,No,SQ100X,,,Yes
r_44_volt,sq100x_millivolts,sq100x_millivolts,r,float,V,N/A,N/A,No,SQ100X,,,No
r_44_radi,sq100x_radiation_immersed,sq100x_radiation_immersed,r,float,µmol/m2*s,N/A,N/A,No,SQ100X,,,No
r_45_wp,florapulse_waterPotential,florapulse_waterPotential,r,float,bar,N/A,N/A,No,FLORAPULSE,,,Yes
r_45_volt,florapulse_millisvolts,florapulse_millisvolts,r,float,mV,N/A,N/A,No,FLORAPULSE,,,Yes
r_45_tr,florapulse_thermoresistance,florapulse_thermoresistance,r,float,ohms,N/A,N/A,No,FLORAPULSE,,,Yes
r_46_tmp,ccm05_temperature,ccm05_temperature,r,float,celsius,N/A,N/A,No,CCM05,,,Yes
r_46_hum,ccm05_humidity,ccm05_humidity,r,float,%,N/A,N/A,No,CCM05,,,Yes
r_46_pres,ccm05_pressure,ccm05_pressure,r,float,hPa,N/A,N/A,No,CCM05,,,Yes
r_46_ws,ccm05_windSpeed,ccm05_windSpeed,r,float,m/s,N/A,N/A,No,CCM05,,,Yes
r_46_wd,ccm05_windDirection,ccm05_windDirection,r,float,degrees,N/A,N/A,No,CCM05,,,Yes
r_47_co2,ccg10_co2_concentration,ccg10_co2_concentration,r,uint32_t,ppm,N/A,N/A,No,CCG10_C02,,,Yes
r_48_type,smp10_device_type,smp10_device_type,r,string,dimensionless,N/A,N/A,No,SMP10,,,No
r_48_mode,smp10_operational_mode,smp10_operational_mode,r,string,dimensionless,N/A,N/A,No,SMP10,,,No
r_48_err,smp10_error_code,smp10_error_code,r,uint8_t ,dimensionless,N/A,N/A,No,SMP10,,,No
r_48_scale,smp10_scale_factor,smp10_scale_factor,r,int8_t ,dimensionless,N/A,N/A,No,SMP10,,,No
r_48_rad,smp10_radiation,smp10_radiation,r,float,W/m2,N/A,N/A,No,SMP10,,,Yes
r_48_stddv,smp10_standard_deviation,smp10_standard_deviation,r,float ,dimensionless,N/A,N/A,No,SMP10,,,No
r_48_btmp,smp10_body_temperature,smp10_body_temperature,r,float,degrees,N/A,N/A,No,SMP10,,,Yes
r_48_epwr,smp10_external_power,smp10_external_power,r,float,volts,N/A,N/A,No,SMP10,,,No
r_49_tmp,nesa_ta_temperature,nesa_ta_temperature,r,float,celsius,N/A,N/A,No,NESA_TA,,,Yes
r_50_ws,thies_wind_speed,thies_wind_speed,r,float,m/s,N/A,N/A,No,THIES,,,Yes
r_50_wd,thies_wind_direction,thies_wind_direction,r,uint16_t,degrees,N/A,N/A,No,THIES,,,Yes
r_50_vtmp,thies_virtual_temperature,thies_virtual_temperature,r,float,celsius,N/A,N/A,No,THIES,,,Yes
r_50_gs,thies_gust_speed,thies_gust_speed,r,float,m/s,N/A,N/A,No,THIES,,,No
r_50_gd,thies_gust_direction,thies_gust_direction,r,uint16_t,degrees,N/A,N/A,No,THIES,,,No
r_50_epwr,thies_external_power,thies_external_power,r,uint16_t,volts,N/A,N/A,No,THIES,,,No
r_50_fw,thies_firmware_version,thies_firmware_version,r,float,dimensionless,N/A,N/A,No,THIES,,,No
r_50_itmp,thies_internal_temperature,thies_internal_temperature,r,float,celsius,N/A,N/A,No,THIES,,,No
r_50_sn,thies_serial_number,thies_serial_number,r,string,dimensionless,N/A,N/A,No,THIES,,,No
r_50_stat,thies_status,thies_status,r,uint8_t ,dimensionless,N/A,N/A,No,THIES,,,No
r_51_tmp,keller_temperature,keller_temperature,r,float,celsius,N/A,N/A,No,KELLER_PR36XW,,,Yes
r_51_pres,keller_pressure,keller_pressure,r,float ,bar,N/A,N/A,No,KELLER_PR36XW,,,Yes
r_52_msd0,envipro120_moisture_with_salinity_depth_0,envipro120_moisture_with_salinity_depth_0,r,float,%,N/A,N/A,No,ENVIROPRO120,,,Yes
r_52_msd1,envipro120_moisture_with_salinity_depth_1,envipro120_moisture_with_salinity_depth_1,r,float,%,N/A,N/A,No,ENVIROPRO120,,,Yes
r_52_msd2,envipro120_moisture_with_salinity_depth_2,envipro120_moisture_with_salinity_depth_2,r,float,%,N/A,N/A,No,ENVIROPRO120,,,Yes
r_52_msd3,envipro120_moisture_with_salinity_depth_3,envipro120_moisture_with_salinity_depth_3,r,float,%,N/A,N/A,No,ENVIROPRO120,,,Yes
r_52_msd4,envipro120_moisture_with_salinity_depth_4,envipro120_moisture_with_salinity_depth_4,r,float,%,N/A,N/A,No,ENVIROPRO120,,,Yes
r_52_msd5,envipro120_moisture_with_salinity_depth_5,envipro120_moisture_with_salinity_depth_5,r,float,%,N/A,N/A,No,ENVIROPRO120,,,Yes
r_52_msd6,envipro120_moisture_with_salinity_depth_6,envipro120_moisture_with_salinity_depth_6,r,float,%,N/A,N/A,No,ENVIROPRO120,,,Yes
r_52_msd7,envipro120_moisture_with_salinity_depth_7,envipro120_moisture_with_salinity_depth_7,r,float,%,N/A,N/A,No,ENVIROPRO120,,,Yes
r_52_msd8,envipro120_moisture_with_salinity_depth_8,envipro120_moisture_with_salinity_depth_8,r,float,%,N/A,N/A,No,ENVIROPRO120,,,Yes
r_52_msd9,envipro120_moisture_with_salinity_depth_9,envipro120_moisture_with_salinity_depth_9,r,float,%,N/A,N/A,No,ENVIROPRO120,,,Yes
r_52_msd10,envipro120_moisture_with_salinity_depth_10,envipro120_moisture_with_salinity_depth_10,r,float,%,N/A,N/A,No,ENVIROPRO120,,,Yes
r_52_msd11,envipro120_moisture_with_salinity_depth_11,envipro120_moisture_with_salinity_depth_11,r,float,%,N/A,N/A,No,ENVIROPRO120,,,Yes
r_52_sd0,envipro120_salinity_depth_0,envipro120_salinity_depth_0,r,float,ds/m,N/A,N/A,No,ENVIROPRO120,,,No
r_52_sd1,envipro120_salinity_depth_1,envipro120_salinity_depth_1,r,float,ds/m,N/A,N/A,No,ENVIROPRO120,,,No
r_52_sd2,envipro120_salinity_depth_2,envipro120_salinity_depth_2,r,float,ds/m,N/A,N/A,No,ENVIROPRO120,,,No
r_52_sd3,envipro120_salinity_depth_3,envipro120_salinity_depth_3,r,float,ds/m,N/A,N/A,No,ENVIROPRO120,,,No
r_52_sd4,envipro120_salinity_depth_4,envipro120_salinity_depth_4,r,float,ds/m,N/A,N/A,No,ENVIROPRO120,,,No
r_52_sd5,envipro120_salinity_depth_5,envipro120_salinity_depth_5,r,float,ds/m,N/A,N/A,No,ENVIROPRO120,,,No
r_52_sd6,envipro120_salinity_depth_6,envipro120_salinity_depth_6,r,float,ds/m,N/A,N/A,No,ENVIROPRO120,,,No
r_52_sd7,envipro120_salinity_depth_7,envipro120_salinity_depth_7,r,float,ds/m,N/A,N/A,No,ENVIROPRO120,,,No
r_52_sd8,envipro120_salinity_depth_8,envipro120_salinity_depth_8,r,float,ds/m,N/A,N/A,No,ENVIROPRO120,,,No
r_52_sd9,envipro120_salinity_depth_9,envipro120_salinity_depth_9,r,float,ds/m,N/A,N/A,No,ENVIROPRO120,,,No
r_52_sd10,envipro120_salinity_depth_10,envipro120_salinity_depth_10,r,float,ds/m,N/A,N/A,No,ENVIROPRO120,,,No
r_52_sd11,envipro120_salinity_depth_11,envipro120_salinity_depth_11,r,float,ds/m,N/A,N/A,No,ENVIROPRO120,,,No
r_52_td0,envipro120_temperature_depth_0,envipro120_temperature_depth_0,r,float,celsius,N/A,N/A,No,ENVIROPRO120,,,Yes
r_52_td1,envipro120_temperature_depth_1,envipro120_temperature_depth_1,r,float,celsius,N/A,N/A,No,ENVIROPRO120,,,Yes
r_52_td2,envipro120_temperature_depth_2,envipro120_temperature_depth_2,r,float,celsius,N/A,N/A,No,ENVIROPRO120,,,Yes
r_52_td3,envipro120_temperature_depth_3,envipro120_temperature_depth_3,r,float,celsius,N/A,N/A,No,ENVIROPRO120,,,Yes
r_52_td4,envipro120_temperature_depth_4,envipro120_temperature_depth_4,r,float,celsius,N/A,N/A,No,ENVIROPRO120,,,Yes
r_52_td5,envipro120_temperature_depth_5,envipro120_temperature_depth_5,r,float,celsius,N/A,N/A,No,ENVIROPRO120,,,Yes
r_52_td6,envipro120_temperature_depth_6,envipro120_temperature_depth_6,r,float,celsius,N/A,N/A,No,ENVIROPRO120,,,Yes
r_52_td7,envipro120_temperature_depth_7,envipro120_temperature_depth_7,r,float,celsius,N/A,N/A,No,ENVIROPRO120,,,Yes
r_52_td8,envipro120_temperature_depth_8,envipro120_temperature_depth_8,r,float,celsius,N/A,N/A,No,ENVIROPRO120,,,Yes
r_52_td9,envipro120_temperature_depth_9,envipro120_temperature_depth_9,r,float,celsius,N/A,N/A,No,ENVIROPRO120,,,Yes
r_52_td10,envipro120_temperature_depth_10,envipro120_temperature_depth_10,r,float,celsius,N/A,N/A,No,ENVIROPRO120,,,Yes
r_52_td11,envipro120_temperature_depth_11,envipro120_temperature_depth_11,r,float,celsius,N/A,N/A,No,ENVIROPRO120,,,Yes
r_52_mwosd0,envipro_moisture_without_salinity_depth_0,envipro_moisture_without_salinity_depth_0,r,float,%,N/A,N/A,No,ENVIROPRO120,,,No
r_52_mwosd1,envipro_moisture_without_salinity_depth_1,envipro_moisture_without_salinity_depth_1,r,float,%,N/A,N/A,No,ENVIROPRO120,,,No
r_52_mwosd2,envipro_moisture_without_salinity_depth_2,envipro_moisture_without_salinity_depth_2,r,float,%,N/A,N/A,No,ENVIROPRO120,,,No
r_52_mwosd3,envipro_moisture_without_salinity_depth_3,envipro_moisture_without_salinity_depth_3,r,float,%,N/A,N/A,No,ENVIROPRO120,,,No
r_52_mwosd4,envipro_moisture_without_salinity_depth_4,envipro_moisture_without_salinity_depth_4,r,float,%,N/A,N/A,No,ENVIROPRO120,,,No
r_52_mwosd5,envipro_moisture_without_salinity_depth_5,envipro_moisture_without_salinity_depth_5,r,float,%,N/A,N/A,No,ENVIROPRO120,,,No
r_52_mwosd6,envipro_moisture_without_salinity_depth_6,envipro_moisture_without_salinity_depth_6,r,float,%,N/A,N/A,No,ENVIROPRO120,,,No
r_52_mwosd7,envipro_moisture_without_salinity_depth_7,envipro_moisture_without_salinity_depth_7,r,float,%,N/A,N/A,No,ENVIROPRO120,,,No
r_52_mwosd8,envipro_moisture_without_salinity_depth_8,envipro_moisture_without_salinity_depth_8,r,float,%,N/A,N/A,No,ENVIROPRO120,,,No
r_52_mwosd9,envipro_moisture_without_salinity_depth_9,envipro_moisture_without_salinity_depth_9,r,float,%,N/A,N/A,No,ENVIROPRO120,,,No
r_52_mwosd10,envipro_moisture_without_salinity_depth_10,envipro_moisture_without_salinity_depth_10,r,float,%,N/A,N/A,No,ENVIROPRO120,,,No
r_52_mwosd11,envipro_moisture_without_salinity_depth_11,envipro_moisture_without_salinity_depth_11,r,float,%,N/A,N/A,No,ENVIROPRO120,,,No
r_53_no3volt,nutrisens_nitrate_voltage,nutrisens_nitrate_voltage,r,float,mV,N/A,N/A,No,NUTRISENS,,,Yes
r_53_kvolt,nutrisens_potassium_voltage,nutrisens_potassium_voltage,r,float,mV,N/A,N/A,No,NUTRISENS,,,Yes
r_55_act8_pos,actuator_8_position,actuator_8_position,r,uint8_t,dimensionless,N/A,N/A,No,ACTUATOR_8_RELAY,,,Yes
r_56_rad,Solar radiation,netsens_ps0085ff_solar_radiation,r,float,W/m2,N/A,N/A,No,NETSENS_PS0085FF,,,No
