Command,Name,Description,Send Type,Operations,Data Type,Units
r_serial,Device serial,Serial of the device,Uplink,Read,string,dimensionless
r_ts,Reported timestamp,Timestamp (GMT+0),Uplink,Read,uint32_t,dimensionless
r_fw,Firmware version,Device Firmware Version,Uplink,Read,string,dimensionless
r_radio_fw,Radio firmware version,Radio Firmware Version,Uplink,Read,string,dimensionless
rw_req_id,Request ID,Remote request Identifier,Uplink/Downlink,Read/Write,uint32_t,dimensionless
rw_slp_m,Time to sleep (minutes),Time Sleep Min,Uplink/Downlink,Read/Write,uint8_t,minutes
rw_slp_s,Time to sleep (seconds),Time Sleep Secs,Uplink/Downlink,Read/Write,uint8_t,seconds
rw_ka_h,Time to send keep-alive,Time Keep Alive,Uplink/Downlink,Read/Write,uint8_t,hours
rw_nm,Night mode,Night Mode disabled/light/deep,Uplink/Downlink,Read/Write,uint8_t,dimensionless
rw_nm_start,Night mode start hour (UTC),Night Mode Start Hour (UTC),Uplink/Downlink,Read/Write,uint8_t,hours
rw_nm_dur_h,Night mode duration,Night Mode Duration,Uplink/Downlink,Read/Write,uint8_t,hours
rw_nm_slp_m,Night mode time to sleep,Night Mode Sleep Time,Uplink/Downlink,Read/Write,uint8_t,minutes
rw_rdr_st,Radar range start,Radar Range Start,Uplink/Downlink,Read/Write,uint8_t,centimeters
rw_rdr_len,Radar range lenth,Radar Range Length,Uplink/Downlink,Read/Write,uint8_t,centimeters
rw_rdr_th,Radar threshold,Radar Threshold,Uplink/Downlink,Read/Write,uint8_t,db
rw_sec_snd,Seconday sending,Flag to enable/disable secondary sending,Uplink/Downlink,Read/Write,bool,dimensionless
rw_rpt_days,Report frequency,Sync Report Days,Uplink/Downlink,Read/Write,uint8_t,days
rw_h_snd_limit,Hourly sendings limit,Hourly Sendings Limit,Uplink/Downlink,Read/Write,uint8_t,dimensionless
rw_radio_timeout_s,Connection timeout,Timeout for radio send (seconds),Uplink/Downlink,Read/Write,uint8_t,seconds
rw_tau_ref_m,NB-IoT TAU refresh frequency,Máx NB-IoT timer required to refresh manually psm tau timer (minutes),Uplink/Downlink,Read/Write,uint8_t,minutes
rw_op_code_pre,Preset operator code,Preset operator code,Uplink/Downlink,Read/Write,uint32_t,dimensionless
rw_apn,Context APN,Context APN,Uplink/Downlink,Read/Write,string,dimensionless
rw_dns,DNS server IP,DNS server IP,Uplink/Downlink,Read/Write,string,dimensionless
rw_nb_rel,NB-IoT Release,NB-IoT Release 13 or 14,Uplink/Downlink,Read/Write,uint8_t,dimensionless
rw_ps_detection,Power saving detection (PS),Enable/disable power saving detection algorithm using magnetic field variations,Uplink/Downlink,Read/Write,bool,dimensionless
rw_ps_mg_single_delta,PS single delta limit,Magnetic field single axis delta variation to launch radar reading,Uplink/Downlink,Read/Write,uint16_t,milligauss
rw_ps_mg_total_delta,PS total delta limit,Magnetic field total delta variation to launch radar reading,Uplink/Downlink,Read/Write,uint16_t,milligauss
rw_ps_mg_mean_loops,PS mean loops,Number of loops to calculate magnetic field mean for ps detection algorithm,Uplink/Downlink,Read/Write,uint8_t,dimensionless
rw_ps_rdr_timeout_m,PS radar reading timeout,Maximum number of minutes without reading radar sensor,Uplink/Downlink,Read/Write,uint8_t,minutes
rw_diag_mode,Diagnostic mode,Set the device in diagnostic mode,Uplink/Downlink,Read/Write,bool,dimensionless
r_snd_ctr,Send counter,Sending loop number,Uplink,Read,uint32_t,dimensionless
r_bat,Battery voltage,Battery voltage,Uplink,Read,float,millivolts
r_bat_warn,Low battery warning,Low battery voltage warning,Uplink,Read,bool,dimensionless
r_prk_slot,Slot status,Parking slot status,Uplink,Read,uint8_t,dimensionless
r_rdr_error,Radar Error,Radar Error,Uplink,Read,uint8_t,dimensionless
r_rdr_refs,Radar Reflections,Radar Reflections,Uplink,Read,uint8_t,dimensionless
r_rdr_amp,Radar Amplitude,Radar Amplitude,Uplink,Read,float,db
r_rdr_dis,Radar Distance,Radar Distance,Uplink,Read,uint8_t,centimeters
r_rdr_sens,Radar Sensitivity,Radar Sensitivity,Uplink,Read,float,dimensionless
r_doubt,Doubtful Detection,Doubtful Detection,Uplink,Read,bool,dimensionless
r_temp,Temperature,Device internal temperature in celsius,Uplink,Read,float,celsius degrees
r_mg_x,Magnefic field X,Magnetic Field X,Uplink,Read,float,milligauss
r_mg_y,Magnefic field Y,Magnetic Field Y,Uplink,Read,float,milligauss
r_mg_z,Magnefic field Z,Magnetic Field Z,Uplink,Read,float,milligauss
r_rpt_loops,Report loops,Number of program loops [during last report period],Uplink,Read,uint32_t,dimensionless
r_rpt_ps_loops,Report power saving loops,Report of number of power saving detection loops executed [during last report period],Uplink,Read,uint32_t,dimensionless
r_rpt_snds,Report sendings,Report of number of accumulated Sendings done by the device [during last report period],Uplink,Read,uint16_t,dimensionless
r_rpt_cfgs,Report reconfigurations,Report of number of accumulated Reconfigs done by the device [during last report period],Uplink,Read,uint16_t,dimensionless
r_rpt_rcals,Report recalibrations,Report of number of accumulated Recalibrations done by the device [during last report period],Uplink,Read,uint16_t,dimensionless
r_rpt_snd_tmr_s,Report sending timer,Report of accumulated Send state time (seconds) [during last report period],Uplink,Read,uint32_t,seconds
r_rpt_slp_tmr_s,Report sleep timer,Report of accumulated Sleep state time (seconds) [during last report period],Uplink,Read,uint32_t,seconds
r_rpt_run_tmr_s,Report run timer,Report of accumulated Run state time (seconds) [during last report period],Uplink,Read,uint32_t,seconds
r_errors,Errors log,Errors stored in flash,Uplink,Read,string,dimensionless
r_rst_cause,Last reset cause,Last reset cause,Uplink,Read,uint8_t,dimensionless
r_sc_rsrp,Serving cell RSRP,Serving cell Reference signal received power,Uplink,Read,int16_t,dbm
r_sc_rsrq,Serving cell RSRQ,Serving cell Reference signal received quality,Uplink,Read,int8_t,db
r_rssi,RSSI,RSSI signal quality,Uplink,Read,int8_t,dbm
r_sinr,SINR,SINR signal quality,Uplink,Read,int8_t,db
r_sc_band,Serving cell band,Serving cell band,Uplink,Read,uint8_t,dimensionless
r_op_code,Operating operator code,Operating operator code,Uplink,Read,uint32_t,dimensionless
r_snd_mean_tmr_ms,Last sendings mean timer,Mean timer of last 3 sendings (milliseconds),Uplink,Read,uint16_t,milliseconds
r_snd_mean_tmr_warn,Sending timer warning,Warning: sending timer is near timeout. Value: r_snd_mean_tmr (milliseconds),Uplink,Read,uint16_t,milliseconds
r_psm_tau_tmr_s,NB-IoT PSM TAU timer,PSM TAU timer in seconds,Uplink,Read,uint32_t,seconds
r_sim_iccid,SIM ICCID,SIM ICCID,Uplink,Read,string,dimensionless
r_radio_imei,IMEI,Radio IMEI,Uplink,Read,string,dimensionless
r_op_list,Available operators,"Available operator codes (Format e.g. 21401,21403) ",Uplink,Read,string,dimensionless
r_idle_tout_ctr,IDLE timeout,Indicate if idle timeout is enough for the default keep-alive ,Uplink,Read,uint8_t,dimensionless
r_ue_avg_rsrp,UE average RSRP,RSRP (measured by the module),Uplink,Read,int16_t,dbm
r_ue_avg_snr,UE average SNR,SNR (measured by the module) ,Uplink,Read,int8_t,db
r_ue_phy_dl_tpt,UE downlink thoughput,Downlink thoughput in pyshical channel,Uplink,Read,uint16_t,bps
r_ue_phy_ul_tpt,UE uplink thoughput,Uplink thoughput in pyshical channel,Uplink,Read,uint16_t,bps
r_ue_dl_bler,UE downlink block error,Downlink block error rate in physical channel ,Uplink,Read,uint8_t,percentage
r_ue_ul_bler,UE uplink block error,Uplink block error rate in physical channel ,Uplink,Read,uint8_t,percentage
r_open_tmr_ms,Open connection timer,Open connection timer (milliseconds),Uplink,Read,uint32_t,milliseconds
r_open_err_ctr,Open error counter,"To get stadistics is used a loop with 10 sendings, this value count the number of open errors (time to open set to 50 s)",Uplink,Read,uint8_t,dimensionless
w_snd_con_stat,Request connection status,Send connection status,Downlink,Write,bool,dimensionless
w_headers,HTTP headers,HTTP headers for DLM,Downlink,Write,string,dimensionless
w_new_ts,Set new timestamp,Update Timestamp,Downlink,Write,uint32_t,timestamp
w_snd_cfg,Request configuration,Send Config,Downlink,Write,bool,dimensionless
w_snd_rpt,Report request,Force to send node sync report,Downlink,Write,bool,dimensionless
w_bstrap,Launch bootstrapping,Force bootstrap connection,Downlink,Write,bool,dimensionless
w_ota,Check device OTA,OTA Check,Downlink,Write,bool,dimensionless
w_ota_radio,Check radio OTA,OTA Radio Check,Downlink,Write,bool,dimensionless
w_rbt,Reboot device,Reboot Device,Downlink,Write,bool,dimensionless
w_off,Deactivate device,Node deactivation: permanent sleep until 3 resets,Downlink,Write,bool,dimensionless